time,temp
2025-04-04 02:56:57,12.76
2025-04-04 03:21:42,12.48
2025-04-04 03:47:20,13.76
2025-04-04 03:59:40,13.76
2025-04-04 04:30:54,14.76
2025-04-04 04:48:11,14.76
2025-04-04 05:08:27,14.76
2025-04-04 05:32:40,14.76
2025-04-04 05:45:06,14.76
2025-04-04 05:57:29,14.76
2025-04-04 06:35:17,14.76
2025-04-04 06:52:06,14.76
2025-04-04 07:15:58,14.53
2025-04-04 07:30:52,14.76
2025-04-04 07:43:43,14.76
2025-04-04 07:56:01,14.76
2025-04-04 08:31:57,13.76
2025-04-04 08:50:08,13.76
2025-04-04 09:13:07,12.29
2025-04-04 09:33:15,11.76
2025-04-04 09:45:54,11.76
2025-04-04 09:58:16,11.76
2025-04-04 10:28:53,9.76
2025-04-04 10:45:42,9.76
2025-04-04 10:58:12,9.76
2025-04-04 11:22:33,10.79
2025-04-04 11:37:47,7.76
2025-04-04 11:50:31,7.76
2025-04-04 12:24:58,6.76
2025-04-04 13:02:50,6.76
2025-04-04 13:34:33,5.76
2025-04-04 13:47:39,5.76
2025-04-04 14:00:05,5.76
2025-04-04 14:27:57,7.76
2025-04-04 14:44:18,7.76
2025-04-04 14:57:00,7.76
2025-04-04 15:27:43,7.76
2025-04-04 15:45:29,7.76
2025-04-04 15:58:10,7.76
2025-04-04 16:31:40,7.76
2025-04-04 16:50:11,7.76
2025-04-04 17:11:00,7.76
2025-04-04 17:31:36,6.76
2025-04-04 17:44:22,6.76
2025-04-04 17:56:57,6.76
2025-04-04 18:33:46,7.76
2025-04-04 18:50:30,7.76
2025-04-04 19:10:38,7.76
2025-04-04 19:27:40,7.78
2025-04-04 19:40:21,7.76
2025-04-04 19:52:50,7.76
2025-04-04 20:19:11,8.47
2025-04-04 20:36:36,7.76
2025-04-04 20:49:00,7.76
2025-04-04 21:08:41,7.76
2025-04-04 21:27:42,7.76
2025-04-04 21:40:33,7.76
2025-04-04 21:53:09,7.76
2025-04-04 22:17:19,8.51
2025-04-04 22:37:03,8.76
2025-04-04 22:49:36,8.76
2025-04-04 23:10:35,7.76
2025-04-04 23:29:13,7.76
2025-04-04 23:42:07,7.76
2025-04-04 23:54:46,7.76
2025-04-05 01:46:08,7.76
2025-04-05 02:50:54,7.76
2025-04-05 03:26:43,10.8
2025-04-05 03:48:33,7.76
2025-04-05 04:10:53,7.76
2025-04-05 04:34:45,7.76
2025-04-05 04:49:12,7.76
2025-04-05 05:09:47,6.78
2025-04-05 05:32:27,7.76
2025-04-05 05:44:56,7.76
2025-04-05 05:57:35,7.76
2025-04-05 06:32:53,7.76
2025-04-05 06:48:36,7.76
2025-04-05 07:08:13,7.76
2025-04-05 07:26:08,7.76
2025-04-05 07:39:47,7.76
2025-04-05 07:52:15,7.76
2025-04-05 08:19:06,7.76
2025-04-05 08:38:32,7.76
2025-04-05 08:51:02,7.76
2025-04-05 09:13:04,7.76
2025-04-05 09:30:01,7.76
2025-04-05 09:42:34,7.76
2025-04-05 09:54:54,7.76
2025-04-05 10:22:01,7.76
2025-04-05 10:39:30,7.76
2025-04-05 10:52:03,7.76
2025-04-05 11:12:16,7.76
2025-04-05 11:26:11,7.76
2025-04-05 11:39:12,7.76
2025-04-05 11:51:55,7.76
2025-04-05 12:28:37,7.76
2025-04-05 12:59:46,7.76
2025-04-05 13:28:00,7.76
2025-04-05 13:40:49,7.76
2025-04-05 13:53:34,7.76
2025-04-05 14:16:04,7.76
2025-04-05 14:32:59,7.76
2025-04-05 14:45:36,7.76
2025-04-05 14:58:20,7.76
2025-04-05 15:23:55,6.76
2025-04-05 15:37:52,6.76
2025-04-05 15:50:18,6.76
2025-04-05 16:13:15,7.73
2025-04-05 16:38:43,6.76
2025-04-05 16:51:03,6.76
2025-04-05 17:10:56,6.76
2025-04-05 17:30:05,6.76
2025-04-05 17:42:50,6.76
2025-04-05 17:55:36,6.76
2025-04-05 18:29:37,7.76
2025-04-05 18:45:29,7.76
2025-04-05 18:58:16,7.76
2025-04-05 19:18:35,6.76
2025-04-05 19:31:20,6.76
2025-04-05 19:44:06,6.76
2025-04-05 19:56:40,6.76
2025-04-05 20:24:30,7.02
2025-04-05 20:39:05,6.76
2025-04-05 20:51:47,6.76
2025-04-05 21:14:30,6.98
2025-04-05 21:29:56,5.76
2025-04-05 21:42:27,5.76
2025-04-05 21:54:52,5.76
2025-04-05 22:20:31,7.78
2025-04-05 22:37:17,5.76
2025-04-05 22:50:00,5.76
2025-04-05 23:11:50,7.59
2025-04-05 23:29:50,7.76
2025-04-05 23:42:06,7.76
2025-04-05 23:54:52,6.76
2025-04-06 01:54:18,9.76
2025-04-06 03:05:14,11.76
2025-04-06 03:40:27,13.76
2025-04-06 03:54:35,13.76
2025-04-06 04:27:15,13.33
2025-04-06 04:48:20,13.76
2025-04-06 05:07:42,14.05
2025-04-06 05:30:16,13.76
2025-04-06 05:43:14,13.76
2025-04-06 05:55:55,13.76
2025-04-06 06:33:00,13.76
2025-04-06 06:50:48,13.76
2025-04-06 07:12:12,13.76
2025-04-06 07:28:15,13.76
2025-04-06 07:41:02,13.76
2025-04-06 07:53:21,13.76
2025-04-06 08:21:58,12.76
2025-04-06 08:41:45,12.76
2025-04-06 08:54:04,12.76
2025-04-06 09:18:52,12.24
2025-04-06 09:33:55,11.76
2025-04-06 09:46:12,11.76
2025-04-06 09:58:36,11.76
2025-04-06 10:27:47,9.76
2025-04-06 10:42:55,9.76
2025-04-06 10:55:33,9.76
2025-04-06 11:18:15,8.76
2025-04-06 11:31:06,8.76
2025-04-06 11:43:44,8.76
2025-04-06 11:56:24,8.76
2025-04-06 12:45:22,8.76
2025-04-06 13:13:46,9.16
2025-04-06 13:34:01,7.76
2025-04-06 13:46:33,7.76
2025-04-06 13:59:03,7.76
2025-04-06 14:24:23,5.76
2025-04-06 14:39:21,5.76
2025-04-06 14:51:44,5.76
2025-04-06 15:13:55,8.4
2025-04-06 15:30:44,3.76
2025-04-06 15:43:21,3.76
2025-04-06 15:55:58,3.76
2025-04-06 16:27:30,3.76
2025-04-06 16:45:17,3.76
2025-04-06 16:57:39,3.76
2025-04-06 17:21:26,7.73
2025-04-06 17:37:10,4.76
2025-04-06 17:49:46,4.76
2025-04-06 18:13:47,7.42
2025-04-06 18:38:59,2.76
2025-04-06 18:51:22,2.76
2025-04-06 19:10:38,2.76
2025-04-06 19:24:04,7.15
2025-04-06 19:38:33,2.76
2025-04-06 19:51:07,2.76
2025-04-06 20:14:26,6.99
2025-04-06 20:32:01,3.76
2025-04-06 20:44:37,3.76
2025-04-06 20:57:05,3.76
2025-04-06 21:22:15,2.76
2025-04-06 21:36:26,2.76
2025-04-06 21:48:54,2.76
2025-04-06 22:08:22,2.76
2025-04-06 22:30:59,3.76
2025-04-06 22:43:40,3.76
2025-04-06 22:55:58,3.76
2025-04-06 23:21:53,8.76
2025-04-06 23:35:34,8.76
2025-04-06 23:48:08,8.76
2025-04-07 00:41:06,11.76
2025-04-07 02:20:22,13.83
2025-04-07 03:22:25,17.76
2025-04-07 03:48:33,17.76
2025-04-07 04:11:36,18.93
2025-04-07 04:37:13,17.76
2025-04-07 04:50:50,17.76
2025-04-07 05:14:43,17.76
2025-04-07 05:37:04,18.76
2025-04-07 05:49:44,18.76
2025-04-07 06:17:11,20.75
2025-04-07 06:44:38,19.76
2025-04-07 06:57:03,19.76
2025-04-07 07:26:21,18.76
2025-04-07 07:41:21,18.76
2025-04-07 07:54:01,18.76
2025-04-07 08:28:33,17.76
2025-04-07 08:49:47,17.76
2025-04-07 09:13:25,17.76
2025-04-07 09:34:41,16.76
2025-04-07 09:47:25,16.76
2025-04-07 10:00:12,16.76
2025-04-07 10:32:15,15.76
2025-04-07 10:48:30,15.76
2025-04-07 11:07:45,15.25
2025-04-07 11:26:09,14.76
2025-04-07 11:39:51,14.76
2025-04-07 11:52:18,14.76
2025-04-07 12:34:57,14.76
2025-04-07 13:15:02,14.76
2025-04-07 13:41:34,14.76
2025-04-07 13:54:17,14.76
2025-04-07 14:20:59,13.21
2025-04-07 14:42:07,13.76
2025-04-07 14:54:25,13.76
2025-04-07 15:23:29,12.45
2025-04-07 15:41:19,12.76
2025-04-07 15:54:14,12.76
2025-04-07 16:26:00,12.76
2025-04-07 16:47:55,12.76
2025-04-07 17:00:39,12.76
2025-04-07 17:26:07,11.76
2025-04-07 17:41:34,11.76
2025-04-07 17:54:12,11.76
2025-04-07 18:29:16,10.76
2025-04-07 18:48:24,10.76
2025-04-07 19:06:47,10.76
2025-04-07 19:23:58,9.76
2025-04-07 19:37:57,9.76
2025-04-07 19:50:47,9.76
2025-04-07 20:14:44,9.19
2025-04-07 20:34:49,9.76
2025-04-07 20:47:28,9.76
2025-04-07 20:59:49,9.76
2025-04-07 21:25:12,9.76
2025-04-07 21:41:25,9.76
2025-04-07 21:53:56,9.76
2025-04-07 22:19:31,9.2
2025-04-07 22:38:25,9.76
2025-04-07 22:51:11,9.76
2025-04-07 23:14:14,9.76
2025-04-07 23:31:57,10.76
2025-04-07 23:44:39,10.76
2025-04-07 23:57:03,10.76
2025-04-08 01:58:54,13.76
2025-04-08 03:04:52,14.76
2025-04-08 03:41:46,15.76
2025-04-08 03:55:38,15.76
2025-04-08 04:28:55,16.76
2025-04-08 04:46:30,16.76
2025-04-08 04:58:55,16.76
2025-04-08 05:27:40,17.76
2025-04-08 05:43:17,17.76
2025-04-08 05:56:01,17.76
2025-04-08 06:35:37,17.76
2025-04-08 06:52:39,17.76
2025-04-08 07:17:34,17.76
2025-04-08 07:33:24,17.76
2025-04-08 07:46:03,17.76
2025-04-08 07:58:25,17.76
2025-04-08 08:34:14,17.76
2025-04-08 08:52:38,17.76
2025-04-08 09:19:27,15.76
2025-04-08 09:38:19,15.76
2025-04-08 09:50:56,15.76
2025-04-08 10:15:06,15.76
2025-04-08 10:40:40,13.76
2025-04-08 10:53:00,13.76
2025-04-08 11:15:21,15.01
2025-04-08 11:29:59,12.76
2025-04-08 11:42:32,12.76
2025-04-08 11:54:58,12.76
2025-04-08 12:47:34,10.76
2025-04-08 13:19:48,13.23
2025-04-08 13:42:56,9.76
2025-04-08 13:55:38,9.76
2025-04-08 14:25:25,12.88
2025-04-08 14:45:49,7.76
2025-04-08 14:58:09,7.76
2025-04-08 15:29:03,6.76
2025-04-08 15:45:31,6.76
2025-04-08 15:58:13,6.76
2025-04-08 16:33:27,6.76
2025-04-08 16:52:43,6.76
2025-04-08 17:15:52,6.76
2025-04-08 17:35:48,5.76
2025-04-08 17:48:23,5.76
2025-04-08 18:10:58,10.85
2025-04-08 18:41:59,5.76
2025-04-08 18:56:10,5.76
2025-04-08 19:20:45,5.76
2025-04-08 19:34:54,5.76
2025-04-08 19:47:45,5.76
2025-04-08 20:00:19,5.76
2025-04-08 20:29:17,6.76
2025-04-08 20:44:33,6.76
2025-04-08 20:57:11,6.76
2025-04-08 21:23:58,6.76
2025-04-08 21:39:07,6.76
2025-04-08 21:51:54,6.76
2025-04-08 22:15:04,6.76
2025-04-08 22:36:24,7.76
2025-04-08 22:48:59,7.76
2025-04-08 23:09:24,7.76
2025-04-08 23:28:30,10.76
2025-04-08 23:41:47,10.76
2025-04-08 23:54:29,10.76
2025-04-09 01:46:02,14.76
2025-04-09 02:55:46,15.76
2025-04-09 03:36:07,16.76
2025-04-09 03:53:31,16.76
2025-04-09 04:23:38,17.76
2025-04-09 04:44:54,17.76
2025-04-09 04:57:34,17.76
2025-04-09 05:26:31,15.76
2025-04-09 05:43:13,15.76
2025-04-09 05:56:07,15.76
2025-04-09 06:35:37,14.76
2025-04-09 06:53:15,14.76
2025-04-09 07:18:43,14.76
2025-04-09 07:34:27,12.76
2025-04-09 07:47:09,12.76
2025-04-09 07:59:43,12.76
2025-04-09 08:36:14,13.76
2025-04-09 08:54:50,13.76
2025-04-09 09:25:34,13.76
2025-04-09 09:43:35,13.76
2025-04-09 09:56:16,13.76
2025-04-09 10:30:14,11.76
2025-04-09 10:50:07,11.76
2025-04-09 11:10:46,11.76
2025-04-09 11:27:28,10.76
2025-04-09 11:40:16,10.76
2025-04-09 11:53:10,10.76
2025-04-09 12:38:24,9.76
2025-04-09 13:16:47,12.88
2025-04-09 13:42:53,9.76
2025-04-09 13:56:55,9.76
2025-04-09 14:27:59,10.76
2025-04-09 14:48:05,10.76
2025-04-09 15:10:26,12.4
2025-04-09 15:36:09,12.09
2025-04-09 15:50:20,9.76
2025-04-09 16:15:55,12.09
2025-04-09 16:45:01,9.76
2025-04-09 16:58:38,9.76
2025-04-09 17:24:56,8.76
2025-04-09 17:41:42,8.76
2025-04-09 17:54:27,8.76
2025-04-09 18:30:13,8.76
2025-04-09 18:48:53,8.76
2025-04-09 19:08:01,8.76
2025-04-09 19:25:02,8.76
2025-04-09 19:38:43,8.76
2025-04-09 19:51:29,8.76
2025-04-09 20:16:01,9.66
2025-04-09 20:36:38,6.76
2025-04-09 20:51:37,6.76
2025-04-09 21:12:24,6.76
2025-04-09 21:29:02,5.76
2025-04-09 21:41:41,5.76
2025-04-09 21:54:04,5.76
2025-04-09 22:19:31,6.76
2025-04-09 22:37:17,6.76
2025-04-09 22:49:44,6.76
2025-04-09 23:10:40,6.76
2025-04-09 23:29:02,9.76
2025-04-09 23:42:03,9.76
2025-04-09 23:54:41,9.76
2025-04-10 01:47:34,13.76
2025-04-10 02:55:19,15.76
2025-04-10 03:36:11,15.76
2025-04-10 03:53:42,15.76
2025-04-10 04:24:04,19.02
2025-04-10 04:45:57,17.76
2025-04-10 04:58:38,17.76
2025-04-10 05:27:27,19.06
2025-04-10 05:43:16,17.76
2025-04-10 05:55:41,17.76
2025-04-10 06:34:34,17.76
2025-04-10 06:51:59,17.76
2025-04-10 07:16:08,19.45
2025-04-10 07:33:20,16.76
2025-04-10 07:46:02,16.76
2025-04-10 07:58:25,16.76
2025-04-10 08:33:37,15.76
2025-04-10 08:51:54,15.76
2025-04-10 09:17:17,19.07
2025-04-10 09:36:44,13.76
2025-04-10 09:49:06,13.76
2025-04-10 10:11:39,13.76
2025-04-10 10:39:18,11.76
2025-04-10 10:51:56,11.76
2025-04-10 11:13:46,13.65
2025-04-10 11:29:02,10.76
2025-04-10 11:41:33,10.76
2025-04-10 11:54:07,10.76
2025-04-10 12:42:18,9.76
2025-04-10 13:17:41,12.95
2025-04-10 13:42:00,8.76
2025-04-10 13:54:25,8.76
2025-04-10 14:21:09,12.5
2025-04-10 14:41:00,7.76
2025-04-10 14:53:39,7.76
2025-04-10 15:21:56,7.76
2025-04-10 15:40:28,7.76
2025-04-10 15:52:51,7.76
2025-04-10 16:23:01,6.76
2025-04-10 16:47:08,6.76
2025-04-10 16:59:32,6.76
2025-04-10 17:25:35,6.76
2025-04-10 17:41:34,6.76
2025-04-10 17:54:17,6.76
2025-04-10 18:27:12,6.76
2025-04-10 18:47:10,6.76
2025-04-10 18:59:39,6.76
2025-04-10 19:19:48,6.76
2025-04-10 19:33:50,6.76
2025-04-10 19:46:38,6.76
2025-04-10 19:59:16,6.76
2025-04-10 20:28:16,6.76
2025-04-10 20:43:45,6.76
2025-04-10 20:56:06,6.76
2025-04-10 21:23:08,6.76
2025-04-10 21:37:27,6.76
2025-04-10 21:50:13,6.76
2025-04-10 22:12:20,6.76
2025-04-10 22:35:31,6.76
2025-04-10 22:48:12,6.76
2025-04-10 23:08:40,6.76
2025-04-10 23:29:25,10.76
2025-04-10 23:43:16,10.76
2025-04-10 23:55:42,10.76
2025-04-11 01:57:38,15.76
2025-04-11 03:05:55,18.76
2025-04-11 03:42:32,20.76
2025-04-11 03:56:01,20.76
2025-04-11 04:29:58,22.76
2025-04-11 04:47:56,22.76
2025-04-11 05:00:45,22.76
2025-04-11 05:31:03,22.76
2025-04-11 05:47:06,22.76
2025-04-11 05:59:43,22.76
2025-04-11 06:36:43,21.76
2025-04-11 06:53:18,21.76
2025-04-11 07:18:25,21.76
2025-04-11 07:33:02,21.76
2025-04-11 07:45:50,21.76
2025-04-11 07:58:29,21.76
2025-04-11 08:33:33,19.76
2025-04-11 08:51:23,19.76
2025-04-11 09:16:20,23.32
2025-04-11 09:35:56,18.76
2025-04-11 09:48:21,18.76
2025-04-11 10:08:50,16.76
2025-04-11 10:35:31,16.76
2025-04-11 10:49:07,16.76
2025-04-11 11:08:34,16.76
2025-04-11 11:26:11,13.76
2025-04-11 11:39:44,13.76
2025-04-11 11:52:27,13.76
2025-04-11 12:34:42,12.76
2025-04-11 13:07:05,12.76
2025-04-11 13:37:53,11.76
2025-04-11 13:50:54,11.76
2025-04-11 14:13:38,16.41
2025-04-11 14:37:55,10.76
2025-04-11 14:50:20,10.76
2025-04-11 15:13:37,10.76
2025-04-11 15:34:16,9.76
2025-04-11 15:47:08,9.76
2025-04-11 15:59:44,9.76
2025-04-11 16:33:37,9.76
2025-04-11 16:51:32,9.76
2025-04-11 17:13:18,9.76
2025-04-11 17:31:36,9.76
2025-04-11 17:44:52,9.76
2025-04-11 17:57:12,9.76
2025-04-11 18:34:40,9.76
2025-04-11 18:51:29,9.76
2025-04-11 19:12:19,9.76
2025-04-11 19:27:01,10.76
2025-04-11 19:39:55,10.76
2025-04-11 19:52:57,10.76
2025-04-11 20:19:55,9.76
2025-04-11 20:37:25,9.76
2025-04-11 20:50:01,9.76
2025-04-11 21:11:11,9.76
2025-04-11 21:29:27,9.76
2025-04-11 21:41:55,9.76
2025-04-11 21:54:20,9.76
2025-04-11 22:21:02,10.76
2025-04-11 22:40:29,10.76
2025-04-11 22:52:57,10.76
2025-04-11 23:17:01,15.76
2025-04-11 23:31:36,15.76
2025-04-11 23:44:13,15.76
2025-04-11 23:56:47,15.76
2025-04-12 01:56:32,19.76
2025-04-12 03:02:56,21.76
2025-04-12 03:37:49,21.76
2025-04-12 03:52:45,21.76
2025-04-12 04:20:27,19.76
2025-04-12 04:41:00,19.76
2025-04-12 04:53:35,15.76
2025-04-12 05:17:51,16.76
2025-04-12 05:35:09,16.76
2025-04-12 05:47:46,16.76
2025-04-12 06:00:14,16.76
2025-04-12 06:33:43,16.76
2025-04-12 06:50:43,16.76
2025-04-12 07:11:56,15.76
2025-04-12 07:28:10,15.76
2025-04-12 07:40:48,15.76
2025-04-12 07:53:27,15.76
2025-04-12 08:22:44,11.76
2025-04-12 08:41:52,11.76
2025-04-12 08:54:03,11.76
2025-04-12 09:21:00,8.76
2025-04-12 09:36:32,8.76
2025-04-12 09:49:12,8.76
2025-04-12 10:09:20,8.76
2025-04-12 10:32:19,6.76
2025-04-12 10:44:59,6.76
2025-04-12 10:57:31,6.76
2025-04-12 11:18:58,6.41
2025-04-12 11:32:03,4.76
2025-04-12 11:44:28,4.76
2025-04-12 11:56:51,4.76
2025-04-12 12:45:25,4.76
2025-04-12 13:12:35,1.76
2025-04-12 13:32:23,1.76
2025-04-12 13:45:03,1.76
2025-04-12 13:57:22,0.76
2025-04-12 14:22:30,0.76
2025-04-12 14:38:12,0.76
2025-04-12 14:50:50,0.76
2025-04-12 15:12:30,0.76
2025-04-12 15:30:21,0.76
2025-04-12 15:43:20,0.76
2025-04-12 15:55:40,0.76
2025-04-12 16:27:46,0.76
2025-04-12 16:44:55,0.76
2025-04-12 16:57:29,0.76
2025-04-12 17:22:38,1.76
2025-04-12 17:38:18,1.76
2025-04-12 17:50:51,1.76
2025-04-12 18:16:48,2.76
2025-04-12 18:40:02,2.76
2025-04-12 18:52:20,2.76
2025-04-12 19:13:34,3.76
2025-04-12 19:26:11,3.76
2025-04-12 19:39:20,3.76
2025-04-12 19:51:54,3.76
2025-04-12 20:15:46,6.04
2025-04-12 20:32:08,4.76
2025-04-12 20:44:39,4.76
2025-04-12 20:57:25,4.76
2025-04-12 21:21:59,4.76
2025-04-12 21:36:17,4.76
2025-04-12 21:48:49,4.76
2025-04-12 22:08:06,4.76
2025-04-12 22:30:59,6.76
2025-04-12 22:43:48,6.76
2025-04-12 22:56:21,6.76
2025-04-12 23:25:11,7.76
2025-04-13 02:00:03,7.76
2025-04-13 04:11:09,6.76
2025-04-13 04:59:09,6.76
2025-04-13 05:31:53,3.76
2025-04-13 05:47:05,3.76
2025-04-13 05:59:26,3.76
2025-04-13 06:34:36,6.76
2025-04-13 06:50:29,6.76
2025-04-13 07:11:51,6.76
2025-04-13 07:28:52,6.76
2025-04-13 07:41:34,6.76
2025-04-13 07:54:05,6.76
2025-04-13 08:24:18,6.76
2025-04-13 08:43:28,6.76
2025-04-13 08:55:59,6.76
2025-04-13 09:24:53,6.76
2025-04-13 09:40:54,6.76
2025-04-13 09:53:26,6.76
2025-04-13 10:19:53,5.76
2025-04-13 10:40:04,5.76
2025-04-13 10:52:46,5.76
2025-04-13 11:13:10,5.76
2025-04-13 11:26:44,5.76
2025-04-13 11:39:57,5.76
2025-04-13 11:52:33,5.76
2025-04-13 12:31:50,5.76
2025-04-13 13:02:29,5.76
2025-04-13 13:33:44,5.76
2025-04-13 13:47:03,5.76
2025-04-13 13:59:19,5.76
2025-04-13 14:24:24,5.76
2025-04-13 14:40:03,5.76
2025-04-13 14:52:42,5.76
2025-04-13 15:17:46,5.76
2025-04-13 15:34:33,5.76
2025-04-13 15:46:46,5.76
2025-04-13 15:59:30,5.76
2025-04-13 16:32:33,4.76
2025-04-13 16:49:13,4.76
2025-04-13 17:08:08,4.76
2025-04-13 17:29:08,4.76
2025-04-13 17:41:46,1.76
2025-04-13 17:54:19,1.76
2025-04-13 18:27:23,0.76
2025-04-13 18:45:52,0.76
2025-04-13 18:58:44,0.76
2025-04-13 19:19:23,2.76
2025-04-13 19:32:58,2.76
2025-04-13 19:45:31,2.76
2025-04-13 19:58:03,2.76
2025-04-13 20:25:32,2.76
2025-04-13 20:40:40,2.76
2025-04-13 20:53:30,2.76
2025-04-13 21:17:23,6.3
2025-04-13 21:30:28,3.76
2025-04-13 21:42:47,3.76
2025-04-13 21:55:20,3.76
2025-04-13 22:21:21,5.46
2025-04-13 22:38:21,3.76
2025-04-13 22:50:56,3.76
2025-04-13 23:13:40,3.76
2025-04-13 23:31:58,4.76
2025-04-13 23:45:18,4.76
2025-04-13 23:57:42,4.76
2025-04-14 02:04:04,6.76
2025-04-14 03:12:27,6.76
2025-04-14 03:47:51,6.76
2025-04-14 04:00:23,6.76
2025-04-14 04:32:05,5.76
2025-04-14 04:49:02,5.76
2025-04-14 05:11:10,5.78
2025-04-14 05:34:53,6.76
2025-04-14 05:47:36,6.76
2025-04-14 06:00:10,6.76
2025-04-14 06:38:30,5.76
2025-04-14 06:54:53,5.76
2025-04-14 07:23:07,5.76
2025-04-14 07:38:46,5.76
2025-04-14 07:51:21,5.76
2025-04-14 08:20:27,6.38
2025-04-14 08:44:52,5.76
2025-04-14 08:57:40,5.76
2025-04-14 09:29:21,5.76
2025-04-14 09:45:03,5.76
2025-04-14 09:57:38,5.76
2025-04-14 10:30:25,5.76
2025-04-14 10:48:24,5.76
2025-04-14 11:07:45,5.76
2025-04-14 11:26:06,5.76
2025-04-14 11:40:05,5.76
2025-04-14 11:52:45,5.76
2025-04-14 12:36:38,4.76
2025-04-14 13:16:32,7.12
2025-04-14 13:42:20,4.76
2025-04-14 13:55:02,4.76
2025-04-14 14:24:10,3.76
2025-04-14 14:44:56,3.76
2025-04-14 14:57:45,3.76
2025-04-14 15:27:30,6.11
2025-04-14 15:43:45,3.76
2025-04-14 15:56:30,3.76
2025-04-14 16:32:12,2.76
2025-04-14 16:52:08,2.76
2025-04-14 17:14:56,5.5
2025-04-14 17:34:27,1.76
2025-04-14 17:47:03,1.76
2025-04-14 17:59:44,1.76
2025-04-14 18:36:24,0.76
2025-04-14 18:52:54,0.76
2025-04-14 19:14:46,4.89
2025-04-14 19:28:16,-0.24
2025-04-14 19:41:05,-0.24
2025-04-14 19:53:49,-0.24
2025-04-14 20:22:39,-1.24
2025-04-14 20:40:34,-1.24
2025-04-14 20:53:17,-1.24
2025-04-14 21:18:03,0.76
2025-04-14 21:32:51,0.76
2025-04-14 21:45:14,0.76
2025-04-14 21:57:42,0.76
2025-04-14 22:25:57,1.76
2025-04-14 22:43:11,1.76
2025-04-14 22:55:32,1.76
2025-04-14 23:22:16,6.21
2025-04-14 23:36:59,5.76
2025-04-14 23:49:20,5.76
2025-04-15 00:53:15,8.76
2025-04-15 02:36:30,11.76
2025-04-15 03:27:19,12.76
2025-04-15 03:52:39,12.76
2025-04-15 04:21:11,12.76
2025-04-15 04:42:43,12.76
2025-04-15 04:55:25,12.76
2025-04-15 05:24:04,13.76
2025-04-15 05:42:03,13.76
2025-04-15 05:54:42,13.76
2025-04-15 06:32:10,12.76
2025-04-15 06:51:31,12.76
2025-04-15 07:15:53,12.76
2025-04-15 07:35:45,12.76
2025-04-15 07:50:03,12.76
2025-04-15 08:12:39,12.76
2025-04-15 08:42:04,11.76
2025-04-15 08:57:17,11.76
2025-04-15 09:28:44,10.9
2025-04-15 09:44:43,9.76
2025-04-15 09:57:15,9.76
2025-04-15 10:29:21,8.76
2025-04-15 10:47:40,8.76
2025-04-15 11:00:15,8.76
2025-04-15 11:22:51,7.76
2025-04-15 11:38:23,7.76
2025-04-15 11:50:57,7.76
2025-04-15 12:28:11,7.76
2025-04-15 13:06:04,7.76
2025-04-15 13:38:47,6.76
2025-04-15 13:52:25,6.76
2025-04-15 14:17:37,8.97
2025-04-15 14:40:55,6.76
2025-04-15 14:53:31,6.76
2025-04-15 15:21:13,8.63
2025-04-15 15:40:05,6.76
2025-04-15 15:52:47,6.76
2025-04-15 16:21:01,5.76
2025-04-15 16:43:55,5.76
2025-04-15 16:56:44,5.76
2025-04-15 17:23:26,3.76
2025-04-15 17:40:19,3.76
2025-04-15 17:52:53,3.76
2025-04-15 18:24:09,5.76
2025-04-15 18:47:01,5.76
2025-04-15 18:59:35,5.76
2025-04-15 19:21:16,4.76
2025-04-15 19:35:50,4.76
2025-04-15 19:48:29,4.76
2025-04-15 20:09:57,4.76
2025-04-15 20:32:44,5.76
2025-04-15 20:46:23,5.76
2025-04-15 20:59:04,5.76
2025-04-15 21:24:39,5.76
2025-04-15 21:39:23,5.76
2025-04-15 21:51:40,5.76
2025-04-15 22:14:51,7.92
2025-04-15 22:36:59,6.76
2025-04-15 22:49:39,6.76
2025-04-15 23:10:47,9.76
2025-04-15 23:29:47,9.76
2025-04-15 23:42:45,9.76
2025-04-15 23:55:22,9.76
2025-04-16 01:57:01,12.76
2025-04-16 03:08:22,17.76
2025-04-16 03:44:44,17.76
2025-04-16 03:57:43,17.76
2025-04-16 04:30:40,19.76
2025-04-16 04:48:34,19.76
2025-04-16 05:09:51,21.76
2025-04-16 05:33:23,21.76
2025-04-16 05:46:01,21.76
2025-04-16 05:58:39,21.76
2025-04-16 06:36:46,20.76
2025-04-16 06:53:53,20.76
2025-04-16 07:20:27,21.76
2025-04-16 07:36:30,21.76
2025-04-16 07:49:12,21.76
2025-04-16 08:14:53,20.76
2025-04-16 08:42:45,20.76
2025-04-16 08:57:14,20.76
2025-04-16 09:28:18,19.76
2025-04-16 09:44:54,19.76
2025-04-16 09:57:34,19.76
2025-04-16 10:30:47,18.76
2025-04-16 10:48:15,18.76
2025-04-16 11:07:10,18.76
2025-04-16 11:25:49,17.76
2025-04-16 11:40:16,17.76
2025-04-16 11:52:53,17.76
2025-04-16 12:37:17,15.76
2025-04-16 13:16:24,15.76
2025-04-16 13:41:34,15.76
2025-04-16 13:53:58,15.76
2025-04-16 14:20:54,15.67
2025-04-16 14:40:38,15.76
2025-04-16 14:53:22,15.76
2025-04-16 15:21:25,14.76
2025-04-16 15:40:24,14.76
2025-04-16 15:53:17,14.76
2025-04-16 16:24:47,15.76
2025-04-16 16:49:39,15.76
2025-04-16 17:10:01,15.76
2025-04-16 17:31:37,15.76
2025-04-16 17:45:06,15.76
2025-04-16 17:57:44,15.76
2025-04-16 18:35:56,13.76
2025-04-16 18:52:36,13.76
2025-04-16 19:12:44,13.76
2025-04-16 19:27:01,13.81
2025-04-16 19:39:55,13.76
2025-04-16 19:52:34,13.76
2025-04-16 20:19:38,13.36
2025-04-16 20:38:42,14.76
2025-04-16 20:51:28,14.76
2025-04-16 21:13:48,13.05
2025-04-16 21:31:41,12.76
2025-04-16 21:44:16,12.76
2025-04-16 21:56:35,12.76
2025-04-16 22:25:49,15.76
2025-04-16 22:43:50,15.76
2025-04-16 22:56:18,15.76
2025-04-16 23:23:24,14.87
2025-04-16 23:39:39,17.76
2025-04-16 23:52:19,17.76
2025-04-17 01:19:29,19.76
2025-04-17 02:46:09,20.76
2025-04-17 03:27:21,22.76
2025-04-17 03:52:36,22.76
2025-04-17 04:21:14,22.76
2025-04-17 04:43:07,22.76
2025-04-17 04:55:26,22.76
2025-04-17 05:24:30,22.76
2025-04-17 05:41:45,22.76
2025-04-17 05:54:27,22.76
2025-04-17 06:31:14,23.76
2025-04-17 06:50:51,23.76
2025-04-17 07:14:20,21.76
2025-04-17 07:32:54,21.76
2025-04-17 07:45:56,21.76
2025-04-17 07:58:15,21.76
2025-04-17 08:33:48,19.76
2025-04-17 08:52:33,19.76
2025-04-17 09:19:02,18.76
2025-04-17 09:37:50,18.76
2025-04-17 09:50:12,18.76
2025-04-17 10:13:43,21.55
2025-04-17 10:40:00,17.76
2025-04-17 10:52:42,17.76
2025-04-17 11:14:30,17.76
2025-04-17 11:29:21,18.76
2025-04-17 11:42:12,18.76
2025-04-17 11:54:29,18.76
2025-04-17 12:43:49,17.76
2025-04-17 13:17:31,16.76
2025-04-17 13:40:52,16.76
2025-04-17 13:53:33,16.76
2025-04-17 14:18:47,17.8
2025-04-17 14:39:32,15.76
2025-04-17 14:52:03,15.76
2025-04-17 15:17:20,15.76
2025-04-17 15:36:59,14.76
2025-04-17 15:49:24,14.76
2025-04-17 16:13:26,16.76
2025-04-17 16:43:08,16.76
2025-04-17 16:57:33,16.76
2025-04-17 17:24:41,16.76
2025-04-17 17:41:18,16.76
2025-04-17 17:53:52,16.76
2025-04-17 18:28:06,15.76
2025-04-17 18:49:03,15.76
2025-04-17 19:07:47,15.76
2025-04-17 19:24:32,15.76
2025-04-17 19:38:46,15.76
2025-04-17 19:51:19,15.76
2025-04-17 20:16:02,14.76
2025-04-17 20:35:54,14.76
2025-04-17 20:48:31,14.76
2025-04-17 21:08:43,14.76
2025-04-17 21:28:31,14.76
2025-04-17 21:42:25,14.76
2025-04-17 21:55:02,14.76
2025-04-17 22:21:31,15.76
2025-04-17 22:39:11,15.76
2025-04-17 22:51:56,15.76
2025-04-17 23:15:20,15.76
2025-04-17 23:31:52,13.76
2025-04-17 23:44:21,13.76
2025-04-17 23:56:53,13.76
2025-04-18 01:57:21,14.76
2025-04-18 03:05:13,16.76
2025-04-18 03:42:08,18.76
2025-04-18 03:56:03,18.76
2025-04-18 04:29:09,20.76
2025-04-18 04:48:18,20.76
2025-04-18 05:08:43,21.76
2025-04-18 05:32:23,21.76
2025-04-18 05:45:21,21.76
2025-04-18 05:57:39,21.76
2025-04-18 06:35:43,22.76
2025-04-18 06:52:39,22.76
2025-04-18 07:17:41,22.76
2025-04-18 07:33:50,22.76
2025-04-18 07:46:19,22.76
2025-04-18 07:58:54,22.76
2025-04-18 08:32:42,21.76
2025-04-18 08:50:18,21.76
2025-04-18 09:13:22,23.37
2025-04-18 09:34:06,20.76
2025-04-18 09:46:39,20.76
2025-04-18 09:59:12,20.76
2025-04-18 10:31:27,16.76
2025-04-18 10:48:30,16.76
2025-04-18 11:07:24,16.76
2025-04-18 11:25:00,14.76
2025-04-18 11:40:07,14.76
2025-04-18 11:52:27,14.76
2025-04-18 12:33:44,13.76
2025-04-18 13:05:01,13.76
2025-04-18 13:33:32,13.76
2025-04-18 13:46:11,13.76
2025-04-18 13:58:48,13.76
2025-04-18 14:25:52,12.76
2025-04-18 14:42:50,12.76
2025-04-18 14:55:12,12.76
2025-04-18 15:23:56,17.1
2025-04-18 15:40:19,14.76
2025-04-18 15:53:05,14.76
2025-04-18 16:22:34,14.76
2025-04-18 16:43:35,14.76
2025-04-18 16:56:24,14.76
2025-04-18 17:22:27,15.76
2025-04-18 17:38:23,15.76
2025-04-18 17:51:12,15.76
2025-04-18 18:19:25,15.76
2025-04-18 18:42:52,15.76
2025-04-18 18:55:27,15.76
2025-04-18 19:18:35,14.76
2025-04-18 19:31:34,14.76
2025-04-18 19:44:05,14.76
2025-04-18 19:56:20,14.76
2025-04-18 20:26:15,14.76
2025-04-18 20:41:59,14.76
2025-04-18 20:54:33,14.76
2025-04-18 21:19:36,14.76
2025-04-18 21:34:41,14.76
2025-04-18 21:47:13,14.76
2025-04-18 21:59:35,14.76
2025-04-18 22:27:32,15.76
2025-04-18 22:44:10,15.76
2025-04-18 22:56:35,15.76
2025-04-18 23:24:07,16.76
2025-04-18 23:39:14,16.76
2025-04-18 23:51:53,16.76
2025-04-19 01:13:00,17.76
2025-04-19 02:37:02,18.76
2025-04-19 03:19:10,20.09
2025-04-19 03:44:46,17.76
2025-04-19 03:57:12,17.76
2025-04-19 04:29:22,18.76
2025-04-19 04:45:54,18.76
2025-04-19 04:58:33,18.76
2025-04-19 05:26:34,12.76
2025-04-19 05:42:59,12.76
2025-04-19 05:55:29,12.76
2025-04-19 06:31:33,14.76
2025-04-19 06:48:44,14.76
2025-04-19 07:07:50,14.76
2025-04-19 07:25:44,13.76
2025-04-19 07:38:53,13.76
2025-04-19 07:51:36,13.76
2025-04-19 08:17:56,12.76
2025-04-19 08:38:22,11.76
2025-04-19 08:51:00,11.76
2025-04-19 09:13:17,10.76
2025-04-19 09:30:40,10.76
2025-04-19 09:43:13,10.76
2025-04-19 09:55:34,10.76
2025-04-19 10:23:26,10.76
2025-04-19 10:40:18,10.76
2025-04-19 10:52:54,10.76
2025-04-19 11:14:45,10.76
2025-04-19 11:29:03,10.76
2025-04-19 11:41:34,10.76
2025-04-19 11:54:18,10.76
2025-04-19 12:38:07,11.76
2025-04-19 13:03:37,11.76
2025-04-19 13:30:38,11.76
2025-04-19 13:43:04,11.76
2025-04-19 13:55:35,11.76
2025-04-19 14:20:42,11.76
2025-04-19 14:37:08,11.76
2025-04-19 14:49:43,11.76
2025-04-19 15:10:09,11.76
2025-04-19 15:29:33,9.76
2025-04-19 15:42:14,9.76
2025-04-19 15:54:57,9.76
2025-04-19 16:26:57,9.76
2025-04-19 16:45:50,9.76
2025-04-19 16:58:20,9.76
2025-04-19 17:22:44,12.23
2025-04-19 17:38:18,8.76
2025-04-19 17:50:43,8.76
2025-04-19 18:16:18,9.76
2025-04-19 18:39:33,9.76
2025-04-19 18:52:05,9.76
2025-04-19 19:13:16,9.76
2025-04-19 19:27:32,9.76
2025-04-19 19:39:45,9.76
2025-04-19 19:52:25,9.76
2025-04-19 20:16:53,11.17
2025-04-19 20:34:34,8.76
2025-04-19 20:47:04,8.76
2025-04-19 20:59:36,8.76
2025-04-19 21:23:18,8.76
2025-04-19 21:37:01,8.76
2025-04-19 21:49:14,8.76
2025-04-19 22:09:01,12.15
2025-04-19 22:31:37,8.76
2025-04-19 22:44:04,8.76
2025-04-19 22:56:24,8.76
2025-04-19 23:24:35,9.76
2025-04-19 23:39:34,9.76
2025-04-19 23:52:15,9.76
2025-04-20 01:24:44,14.76
2025-04-20 02:55:45,17.76
2025-04-20 03:39:30,18.76
2025-04-20 03:56:35,18.76
2025-04-20 04:28:19,20.76
2025-04-20 04:45:08,20.76
2025-04-20 04:57:47,20.76
2025-04-20 05:26:18,21.76
2025-04-20 05:42:54,21.76
2025-04-20 05:55:46,21.76
2025-04-20 06:32:59,22.76
2025-04-20 06:49:22,22.76
2025-04-20 07:10:39,22.76
2025-04-20 07:29:15,22.76
2025-04-20 07:42:05,22.76
2025-04-20 07:54:37,22.76
2025-04-20 08:25:11,22.76
2025-04-20 08:42:51,22.76
2025-04-20 08:55:28,22.76
2025-04-20 09:22:23,19.76
2025-04-20 09:37:25,19.76
2025-04-20 09:49:53,19.76
2025-04-20 10:11:24,17.76
2025-04-20 10:37:04,17.76
2025-04-20 10:49:58,17.76
2025-04-20 11:08:49,17.76
2025-04-20 11:25:00,19.22
2025-04-20 11:38:35,16.76
2025-04-20 11:51:16,16.76
2025-04-20 12:26:27,14.76
2025-04-20 13:00:47,14.76
2025-04-20 13:31:03,13.76
2025-04-20 13:44:54,13.76
2025-04-20 13:57:20,13.76
2025-04-20 14:24:10,12.76
2025-04-20 14:41:21,12.76
2025-04-20 14:53:50,12.76
2025-04-20 15:18:47,17.54
2025-04-20 15:33:36,12.76
2025-04-20 15:46:21,12.76
2025-04-20 15:59:04,12.76
2025-04-20 16:29:41,11.76
2025-04-20 16:47:10,11.76
2025-04-20 16:59:38,11.76
2025-04-20 17:25:13,11.76
2025-04-20 17:41:16,11.76
2025-04-20 17:53:29,11.76
2025-04-20 18:24:56,10.76
2025-04-20 18:46:18,10.76
2025-04-20 18:58:42,10.76
2025-04-20 19:20:59,11.76
2025-04-20 19:35:13,11.76
2025-04-20 19:47:49,11.76
2025-04-20 20:00:09,11.76
2025-04-20 20:26:54,10.76
2025-04-20 20:43:03,10.76
2025-04-20 20:55:39,10.76
2025-04-20 21:21:11,10.76
2025-04-20 21:35:00,10.76
2025-04-20 21:47:33,10.76
2025-04-20 22:00:00,10.76
2025-04-20 22:28:07,13.76
2025-04-20 22:43:31,13.76
2025-04-20 22:56:09,13.76
2025-04-20 23:22:29,17.76
2025-04-20 23:36:41,17.76
2025-04-20 23:49:01,17.76
2025-04-21 00:52:37,19.76
2025-04-21 02:39:50,21.76
2025-04-21 03:31:35,22.76
2025-04-21 03:57:56,22.76
2025-04-21 04:32:10,24.76
2025-04-21 04:49:55,24.76
2025-04-21 05:13:04,24.94
2025-04-21 05:38:15,25.76
2025-04-21 05:50:49,25.76
2025-04-21 06:20:07,25.71
2025-04-21 06:46:31,24.76
2025-04-21 06:58:47,24.76
2025-04-21 07:25:38,25.76
2025-04-21 07:40:44,25.76
2025-04-21 07:53:13,25.76
2025-04-21 08:26:31,24.76
2025-04-21 08:48:41,24.76
2025-04-21 09:10:42,24.76
2025-04-21 09:32:34,22.76
2025-04-21 09:45:31,22.76
2025-04-21 09:58:08,22.76
2025-04-21 10:30:59,21.76
2025-04-21 10:49:18,21.76
2025-04-21 11:09:02,21.76
2025-04-21 11:26:59,20.76
2025-04-21 11:40:47,20.76
2025-04-21 11:53:13,20.76
2025-04-21 12:37:21,19.76
2025-04-21 13:14:00,17.76
2025-04-21 13:39:33,17.76
2025-04-21 13:52:05,17.76
2025-04-21 14:15:32,19.1
2025-04-21 14:37:12,17.76
2025-04-21 14:49:45,17.76
2025-04-21 15:11:51,19
2025-04-21 15:33:38,17.76
2025-04-21 15:46:16,17.76
2025-04-21 15:58:49,17.76
2025-04-21 16:33:43,17.76
2025-04-21 16:51:38,17.76
2025-04-21 17:14:56,17.93
2025-04-21 17:35:38,17.76
2025-04-21 17:48:26,17.76
2025-04-21 18:11:24,17.76
2025-04-21 18:42:26,17.76
2025-04-21 18:54:58,17.76
2025-04-21 19:18:39,17.76
2025-04-21 19:31:32,17.76
2025-04-21 19:44:11,17.76
2025-04-21 19:56:40,17.76
2025-04-21 20:27:26,16.76
2025-04-21 20:43:18,16.76
2025-04-21 20:55:47,16.76
2025-04-21 21:23:03,16.76
2025-04-21 21:38:48,16.76
2025-04-21 21:51:34,16.76
2025-04-21 22:15:05,16.76
2025-04-21 22:36:29,16.76
2025-04-21 22:49:17,16.76
2025-04-21 23:10:00,16.76
2025-04-21 23:29:07,17.76
2025-04-21 23:43:36,17.76
2025-04-21 23:56:04,17.76
2025-04-22 02:00:33,17.76
2025-04-22 03:08:13,17.76
2025-04-22 03:45:29,15.76
2025-04-22 03:59:20,15.76
2025-04-22 04:32:00,15.76
2025-04-22 04:49:41,15.76
2025-04-22 05:12:26,15.76
2025-04-22 05:35:42,15.76
2025-04-22 05:48:38,15.76
2025-04-22 06:12:48,16.76
2025-04-22 06:43:34,16.76
2025-04-22 06:56:02,16.76
2025-04-22 07:25:13,16.76
2025-04-22 07:40:29,16.76
2025-04-22 07:53:06,16.76
2025-04-22 08:25:12,16.76
2025-04-22 08:48:11,16.76
2025-04-22 09:08:59,17.78
2025-04-22 09:32:12,16.76
2025-04-22 09:45:37,16.76
2025-04-22 09:58:09,16.76
2025-04-22 10:29:47,16.76
2025-04-22 10:47:11,16.76
2025-04-22 10:59:34,16.76
2025-04-22 11:24:01,16.76
2025-04-22 11:38:17,16.76
2025-04-22 11:50:46,16.76
2025-04-22 12:26:46,14.76
2025-04-22 13:05:36,14.76
2025-04-22 13:37:25,14.76
2025-04-22 13:51:11,14.76
2025-04-22 14:14:35,14.76
2025-04-22 14:39:29,14.76
2025-04-22 14:51:58,14.76
2025-04-22 15:17:22,16.32
2025-04-22 15:37:33,13.76
2025-04-22 15:50:06,13.76
2025-04-22 16:14:59,12.76
2025-04-22 16:42:56,12.76
2025-04-22 16:56:31,12.76
2025-04-22 17:23:33,10.76
2025-04-22 17:40:46,10.76
2025-04-22 17:53:33,10.76
2025-04-22 18:27:49,9.76
2025-04-22 18:49:30,9.76
2025-04-22 19:09:11,9.76
2025-04-22 19:26:20,9.76
2025-04-22 19:40:05,9.76
2025-04-22 19:52:29,9.76
2025-04-22 20:19:26,9.76
2025-04-22 20:38:35,9.76
2025-04-22 20:51:07,9.76
2025-04-22 21:13:33,12.85
2025-04-22 21:31:21,9.76
2025-04-22 21:43:57,9.76
2025-04-22 21:56:29,9.76
2025-04-22 22:25:18,11.76
2025-04-22 22:43:03,11.76
2025-04-22 22:55:30,11.76
2025-04-22 23:22:22,14.55
2025-04-22 23:37:53,13.76
2025-04-22 23:50:13,13.76
2025-04-23 01:01:18,16.76
2025-04-23 02:41:38,18.76
2025-04-23 03:27:32,19.76
2025-04-23 03:52:32,19.76
2025-04-23 04:21:03,21.76
2025-04-23 04:44:20,21.76
2025-04-23 04:57:11,21.76
2025-04-23 05:26:48,20.76
2025-04-23 05:43:49,20.76
2025-04-23 05:56:24,20.76
2025-04-23 06:35:55,20.76
2025-04-23 06:53:08,20.76
2025-04-23 07:22:48,23.9
2025-04-23 07:40:20,21.76
2025-04-23 07:52:57,21.76
2025-04-23 08:24:53,20.76
2025-04-23 08:48:49,20.76
2025-04-23 09:10:58,20.76
2025-04-23 09:33:33,19.76
2025-04-23 09:46:29,19.76
2025-04-23 09:59:12,19.76
2025-04-23 10:32:36,16.76
2025-04-23 10:50:11,16.76
2025-04-23 11:10:57,14.76
2025-04-23 11:28:35,14.76
2025-04-23 11:41:25,14.76
2025-04-23 11:54:03,14.76
2025-04-23 12:42:19,13.76
2025-04-23 13:18:46,15.9
2025-04-23 13:43:08,11.76
2025-04-23 13:55:44,11.76
2025-04-23 14:25:54,11.76
2025-04-23 14:46:41,11.76
2025-04-23 14:59:17,11.76
2025-04-23 15:30:01,11.76
2025-04-23 15:46:48,11.76
2025-04-23 15:59:24,11.76
2025-04-23 16:34:39,10.76
2025-04-23 16:54:41,10.76
2025-04-23 17:20:07,9.76
2025-04-23 17:38:49,9.76
2025-04-23 17:51:24,9.76
2025-04-23 18:21:31,9.76
2025-04-23 18:48:39,9.76
2025-04-23 19:07:29,9.76
2025-04-23 19:25:11,9.76
2025-04-23 19:39:25,9.76
2025-04-23 19:51:54,9.76
2025-04-23 20:18:09,9.76
2025-04-23 20:37:59,9.76
2025-04-23 20:50:36,9.76
2025-04-23 21:12:49,9.76
2025-04-23 21:31:18,8.76
2025-04-23 21:44:47,8.76
2025-04-23 21:57:15,8.76
2025-04-23 22:26:11,10.76
2025-04-23 22:44:14,10.76
2025-04-23 22:56:55,10.76
2025-04-23 23:24:45,15.21
2025-04-23 23:40:16,12.76
2025-04-23 23:52:31,12.76
2025-04-24 01:22:37,18.56
2025-04-24 02:51:58,17.76
2025-04-24 03:35:43,17.76
2025-04-24 03:55:35,17.76
2025-04-24 04:28:54,17.76
2025-04-24 04:47:25,17.76
2025-04-24 04:59:55,17.76
2025-04-24 05:29:00,17.76
2025-04-24 05:44:56,17.76
2025-04-24 05:57:44,17.76
2025-04-24 06:36:55,18.76
2025-04-24 06:54:10,18.76
2025-04-24 07:21:33,17.76
2025-04-24 07:37:40,17.76
2025-04-24 07:50:14,17.76
2025-04-24 08:17:28,19.49
2025-04-24 08:43:15,16.76
2025-04-24 08:57:03,16.76
2025-04-24 09:28:22,15.76
2025-04-24 09:44:25,15.76
2025-04-24 09:57:05,15.76
2025-04-24 10:29:04,13.76
2025-04-24 10:47:13,13.76
2025-04-24 10:59:52,13.76
2025-04-24 11:23:23,12.76
2025-04-24 11:37:34,12.76
2025-04-24 11:50:14,12.76
2025-04-24 12:25:12,11.76
2025-04-24 13:06:06,11.76
2025-04-24 13:39:57,10.76
2025-04-24 13:53:03,10.76
2025-04-24 14:17:31,9.76
2025-04-24 14:40:16,9.76
2025-04-24 14:52:37,9.76
2025-04-24 15:19:26,12.15
2025-04-24 15:39:41,9.76
2025-04-24 15:52:30,9.76
2025-04-24 16:22:05,8.76
2025-04-24 16:46:38,8.76
2025-04-24 16:58:59,8.76
2025-04-24 17:25:21,7.76
2025-04-24 17:41:10,7.76
2025-04-24 17:53:56,7.76
2025-04-24 18:28:38,8.76
2025-04-24 18:49:57,8.76
2025-04-24 19:09:37,8.76
2025-04-24 19:26:46,7.76
2025-04-24 19:41:10,7.76
2025-04-24 19:53:36,7.76
2025-04-24 20:22:05,6.76
2025-04-24 20:40:12,6.76
2025-04-24 20:52:55,6.76
2025-04-24 21:17:27,7.76
2025-04-24 21:34:23,7.76
2025-04-24 21:47:04,7.76
2025-04-24 21:59:26,7.76
2025-04-24 22:29:14,9.76
2025-04-24 22:45:47,9.76
2025-04-24 22:58:07,9.76
2025-04-24 23:24:21,11.76
2025-04-24 23:39:37,11.76
2025-04-24 23:52:10,11.76
2025-04-25 01:19:57,15.76
2025-04-25 02:48:45,15.76
2025-04-25 03:30:58,16.76
2025-04-25 03:53:42,16.76
2025-04-25 04:24:38,16.76
2025-04-25 04:46:06,16.76
2025-04-25 04:58:33,16.76
2025-04-25 05:27:30,16.76
2025-04-25 05:43:35,16.76
2025-04-25 05:56:19,16.76
2025-04-25 06:35:36,16.76
2025-04-25 06:53:18,16.76
2025-04-25 07:18:59,16.76
2025-04-25 07:34:09,16.76
2025-04-25 07:46:53,16.76
2025-04-25 07:59:14,16.76
2025-04-25 08:34:02,15.76
2025-04-25 08:52:36,15.76
2025-04-25 09:18:55,14.76
2025-04-25 09:37:08,14.76
2025-04-25 09:49:45,14.76
2025-04-25 10:12:26,14.76
2025-04-25 10:39:11,12.76
2025-04-25 10:51:29,12.76
2025-04-25 11:12:52,11.76
2025-04-25 11:29:05,11.76
2025-04-25 11:41:45,11.76
2025-04-25 11:54:28,11.76
2025-04-25 12:44:31,11.76
2025-04-25 13:17:56,10.76
2025-04-25 13:40:28,10.76
2025-04-25 13:53:25,10.76
2025-04-25 14:18:33,7.76
2025-04-25 14:39:17,7.76
2025-04-25 14:51:53,7.76
2025-04-25 15:16:43,11.66
2025-04-25 15:36:21,8.76
2025-04-25 15:48:58,8.76
2025-04-25 16:12:05,11.36
2025-04-25 16:41:13,7.76
2025-04-25 16:57:38,7.76
2025-04-25 17:23:37,5.76
2025-04-25 17:40:05,5.76
2025-04-25 17:52:32,5.76
2025-04-25 18:24:02,6.76
2025-04-25 18:47:20,6.76
2025-04-25 18:59:48,6.76
2025-04-25 19:21:31,5.76
2025-04-25 19:35:55,5.76
2025-04-25 19:48:37,5.76
2025-04-25 20:10:18,5.76
2025-04-25 20:32:56,4.76
2025-04-25 20:47:39,4.76
2025-04-25 20:59:53,4.76
2025-04-25 21:25:28,5.76
2025-04-25 21:41:42,5.76
2025-04-25 21:54:23,5.76
2025-04-25 22:22:13,8.76
2025-04-25 22:42:40,8.76
2025-04-25 22:55:08,8.76
2025-04-25 23:21:15,11.76
2025-04-25 23:36:25,11.76
2025-04-25 23:48:56,11.76
2025-04-26 00:46:58,13.76
2025-04-26 02:16:59,17.76
2025-04-26 03:10:12,17.76
2025-04-26 03:44:53,17.76
2025-04-26 03:57:15,17.76
2025-04-26 04:29:20,17.76
2025-04-26 04:46:24,17.76
2025-04-26 04:58:54,17.76
2025-04-26 05:26:43,17.76
2025-04-26 05:43:33,17.76
2025-04-26 05:56:01,17.76
2025-04-26 06:32:33,16.76
2025-04-26 06:48:37,16.76
2025-04-26 07:08:11,16.76
2025-04-26 07:26:42,16.76
2025-04-26 07:39:48,16.76
2025-04-26 07:52:34,16.76
2025-04-26 08:20:41,16.76
2025-04-26 08:40:42,16.76
2025-04-26 08:53:06,16.76
2025-04-26 09:18:06,14.76
2025-04-26 09:33:06,14.76
2025-04-26 09:45:41,14.76
2025-04-26 09:58:08,14.76
2025-04-26 10:26:45,13.76
2025-04-26 10:42:56,13.76
2025-04-26 10:55:15,13.76
2025-04-26 11:17:28,13.76
2025-04-26 11:30:03,13.76
2025-04-26 11:42:45,13.76
2025-04-26 11:55:23,13.76
2025-04-26 12:43:30,13.76
2025-04-26 13:12:18,13.76
2025-04-26 13:34:59,12.76
2025-04-26 13:47:25,12.76
2025-04-26 13:59:43,12.76
2025-04-26 14:24:50,13.57
2025-04-26 14:40:05,11.76
2025-04-26 14:52:43,11.76
2025-04-26 15:16:35,11.76
2025-04-26 15:32:38,8.76
2025-04-26 15:45:00,8.76
2025-04-26 15:57:33,8.76
2025-04-26 16:29:51,7.76
2025-04-26 16:46:43,7.76
2025-04-26 16:59:11,7.76
2025-04-26 17:22:23,8.76
2025-04-26 17:36:30,8.76
2025-04-26 17:49:13,8.76
2025-04-26 18:12:34,8.76
2025-04-26 18:38:30,7.76
2025-04-26 18:50:57,7.76
2025-04-26 19:10:58,7.76
2025-04-26 19:25:57,7.76
2025-04-26 19:39:12,7.76
2025-04-26 19:51:46,7.76
2025-04-26 20:15:47,12.04
2025-04-26 20:32:26,8.76
2025-04-26 20:44:57,8.76
2025-04-26 20:57:34,8.76
2025-04-26 21:22:13,8.76
2025-04-26 21:35:43,8.76
2025-04-26 21:48:34,8.76
2025-04-26 22:07:44,8.76
2025-04-26 22:31:03,11.76
2025-04-26 22:45:09,11.76
2025-04-26 22:57:30,11.76
2025-04-26 23:24:21,14.76
2025-04-26 23:38:36,14.76
2025-04-26 23:50:50,14.76
2025-04-27 01:11:52,16.76
2025-04-27 02:48:46,17.76
2025-04-27 03:31:39,17.76
2025-04-27 03:54:21,17.76
2025-04-27 04:25:00,21.09
2025-04-27 04:43:29,17.76
2025-04-27 04:55:54,17.76
2025-04-27 05:24:15,18.76
2025-04-27 05:41:09,18.76
2025-04-27 05:53:45,18.76
2025-04-27 06:27:05,17.76
2025-04-27 06:47:12,17.76
2025-04-27 06:59:44,17.76
2025-04-27 07:23:02,16.76
2025-04-27 07:36:14,16.76
2025-04-27 07:48:52,16.76
2025-04-27 08:11:31,15.76
2025-04-27 08:34:59,15.76
2025-04-27 08:50:49,15.76
2025-04-27 09:13:09,15.76
2025-04-27 09:30:59,15.76
2025-04-27 09:43:28,15.76
2025-04-27 09:55:50,15.76
2025-04-27 10:25:18,14.76
2025-04-27 10:42:15,14.76
2025-04-27 10:54:52,14.76
2025-04-27 11:17:15,13.76
2025-04-27 11:29:50,13.76
2025-04-27 11:42:24,13.76
2025-04-27 11:57:05,13.76
2025-04-27 12:41:46,11.76
2025-04-27 13:11:42,13.24
2025-04-27 13:33:01,10.76
2025-04-27 13:45:41,10.76
2025-04-27 13:58:16,10.76
2025-04-27 14:23:37,11.76
2025-04-27 14:38:56,11.76
2025-04-27 14:51:38,11.76
2025-04-27 15:14:56,12.21
2025-04-27 15:32:07,10.76
2025-04-27 15:44:46,10.76
2025-04-27 15:57:06,10.76
2025-04-27 16:29:33,9.76
2025-04-27 16:47:37,9.76
2025-04-27 17:00:06,9.76
2025-04-27 17:24:42,10.76
2025-04-27 17:39:53,10.76
2025-04-27 17:52:29,10.76
2025-04-27 18:21:29,10.76
2025-04-27 18:42:53,10.76
2025-04-27 18:55:15,10.76
2025-04-27 19:18:50,10.76
2025-04-27 19:31:40,10.76
2025-04-27 19:44:17,10.76
2025-04-27 19:56:46,10.76
2025-04-27 20:26:10,7.76
2025-04-27 20:41:53,7.76
2025-04-27 20:54:39,7.76
2025-04-27 21:19:08,7.76
2025-04-27 21:32:29,7.76
2025-04-27 21:44:50,7.76
2025-04-27 21:57:23,7.76
2025-04-27 22:24:48,10.76
2025-04-27 22:41:11,10.76
2025-04-27 22:53:52,10.76
2025-04-27 23:20:08,12.76
2025-04-27 23:36:14,12.76
2025-04-27 23:48:54,12.76
2025-04-28 00:50:56,14.76
2025-04-28 02:38:27,17.76
2025-04-28 03:31:18,18.76
2025-04-28 03:57:09,18.76
2025-04-28 04:32:01,18.76
2025-04-28 04:50:35,18.76
2025-04-28 05:19:09,21.04
2025-04-28 05:49:29,19.76
2025-04-28 06:23:37,19.76
2025-04-28 06:54:39,19.76
2025-04-28 07:49:09,19.76
2025-04-28 08:32:45,18.76
2025-04-28 10:32:44,16.76
2025-04-28 11:27:32,14.76
2025-04-28 11:46:41,14.76
2025-04-28 11:59:03,14.76
2025-04-28 13:04:52,13.76
2025-04-28 13:47:50,11.76
2025-04-28 14:00:54,11.76
2025-04-28 14:34:08,11.76
2025-04-28 14:52:10,11.76
2025-04-28 15:18:26,9.76
2025-04-28 15:38:18,9.76
